[{"results_found": 29297, "results_start": 0, "results_shown": 0, "restaurants": []}, {"results_found": 7625, "results_start": 0, "results_shown": 0, "restaurants": []}, {"results_found": 21776, "results_start": 0, "results_shown": 0, "restaurants": []}, {"results_found": 16762, "results_start": 0, "results_shown": 0, "restaurants": []}, {"results_found": 12026, "results_start": 0, "results_shown": 0, "restaurants": []}, {"results_found": 9817, "results_start": 0, "results_shown": 0, "restaurants": []}, {"results_found": 10096, "results_start": 0, "results_shown": 0, "restaurants": []}, {"results_found": 2821, "results_start": 0, "results_shown": 0, "restaurants": []}, {"results_found": 2021, "results_start": 0, "results_shown": 0, "restaurants": []}, {"results_found": 4086, "results_start": 0, "results_shown": 0, "restaurants": []}, {"results_found": 4846, "results_start": 0, "results_shown": 0, "restaurants": []}, {"results_found": 3254, "results_start": 0, "results_shown": 0, "restaurants": []}, {"results_found": 3001, "results_start": 0, "results_shown": 0, "restaurants": []}, {"results_found": 2368, "results_start": 0, "results_shown": 0, "restaurants": []}, {"results_found": 122, "results_start": 0, "results_shown": 0, "restaurants": []}, {"results_found": 1125, "results_start": 0, "results_shown": 0, "restaurants": []}, {"results_found": 0, "results_start": 0, "results_shown": 0, "restaurants": []}, {"results_found": 258, "results_start": 0, "results_shown": 0, "restaurants": []}, {"results_found": 172, "results_start": 0, "results_shown": 0, "restaurants": []}, {"results_found": 1809, "results_start": 0, "results_shown": 0, "restaurants": []}, {"results_found": 1264, "results_start": 0, "results_shown": 0, "restaurants": []}, {"results_found": 838, "results_start": 0, "results_shown": 0, "restaurants": []}, {"results_found": 1236, "results_start": 0, "results_shown": 0, "restaurants": []}, {"results_found": 599, "results_start": 0, "results_shown": 0, "restaurants": []}, {"results_found": 1112, "results_start": 0, "results_shown": 0, "restaurants": []}, {"results_found": 1713, "results_start": 0, "results_shown": 0, "restaurants": []}, {"results_found": 966, "results_start": 0, "results_shown": 0, "restaurants": []}, {"results_found": 1154, "results_start": 0, "results_shown": 0, "restaurants": []}, {"results_found": 1494, "results_start": 0, "results_shown": 0, "restaurants": []}, {"results_found": 2326, "results_start": 0, "results_shown": 0, "restaurants": []}, {"results_found": 810, "results_start": 0, "results_shown": 0, "restaurants": []}, {"results_found": 1914, "results_start": 0, "results_shown": 0, "restaurants": []}, {"results_found": 2418, "results_start": 0, "results_shown": 0, "restaurants": []}, {"results_found": 1258, "results_start": 0, "results_shown": 0, "restaurants": []}, {"results_found": 1184, "results_start": 0, "results_shown": 0, "restaurants": []}, {"results_found": 777, "results_start": 0, "results_shown": 0, "restaurants": []}, {"results_found": 681, "results_start": 0, "results_shown": 0, "restaurants": []}, {"results_found": 1786, "results_start": 0, "results_shown": 0, "restaurants": []}, {"results_found": 769, "results_start": 0, "results_shown": 0, "restaurants": []}, {"results_found": 939, "results_start": 0, "results_shown": 0, "restaurants": []}, {"results_found": 0, "results_start": 0, "results_shown": 0, "restaurants": []}, {"results_found": 0, "results_start": 0, "results_shown": 0, "restaurants": []}, {"results_found": 0, "results_start": 0, "results_shown": 0, "restaurants": []}, {"results_found": 0, "results_start": 0, "results_shown": 0, "restaurants": []}, {"results_found": 0, "results_start": 0, "results_shown": 0, "restaurants": []}, {"results_found": 0, "results_start": 0, "results_shown": 0, "restaurants": []}, {"results_found": 0, "results_start": 0, "results_shown": 0, "restaurants": []}, {"results_found": 0, "results_start": 0, "results_shown": 0, "restaurants": []}, {"results_found": 0, "results_start": 0, "results_shown": 0, "restaurants": []}, {"results_found": 0, "results_start": 0, "results_shown": 0, "restaurants": []}, {"results_found": 9581, "results_start": 0, "results_shown": 0, "restaurants": []}, {"results_found": 13064, "results_start": 0, "results_shown": 0, "restaurants": []}, {"results_found": 0, "results_start": 0, "results_shown": 0, "restaurants": []}, {"results_found": 0, "results_start": 0, "results_shown": 0, "restaurants": []}, {"results_found": 0, "results_start": 0, "results_shown": 0, "restaurants": []}, {"results_found": 2395, "results_start": 0, "results_shown": 0, "restaurants": []}, {"results_found": 4750, "results_start": 0, "results_shown": 0, "restaurants": []}, {"results_found": 1608, "results_start": 0, "results_shown": 0, "restaurants": []}, {"results_found": 29481, "results_start": 0, "results_shown": 0, "restaurants": []}, {"results_found": 6498, "results_start": 0, "results_shown": 0, "restaurants": []}, {"results_found": 27766, "results_start": 0, "results_shown": 0, "restaurants": []}, {"results_found": 3999, "results_start": 0, "results_shown": 0, "restaurants": []}, {"results_found": 18639, "results_start": 0, "results_shown": 0, "restaurants": []}, {"results_found": 3826, "results_start": 0, "results_shown": 0, "restaurants": []}, {"results_found": 4232, "results_start": 0, "results_shown": 0, "restaurants": []}, {"results_found": 1778, "results_start": 0, "results_shown": 0, "restaurants": []}, {"results_found": 15277, "results_start": 0, "results_shown": 0, "restaurants": []}, {"results_found": 3298, "results_start": 0, "results_shown": 0, "restaurants": []}, {"results_found": 3051, "results_start": 0, "results_shown": 0, "restaurants": []}, {"results_found": 6573, "results_start": 0, "results_shown": 0, "restaurants": []}, {"results_found": 1966, "results_start": 0, "results_shown": 0, "restaurants": []}, {"results_found": 140, "results_start": 0, "results_shown": 0, "restaurants": []}, {"results_found": 4552, "results_start": 0, "results_shown": 0, "restaurants": []}, {"results_found": 26557, "results_start": 0, "results_shown": 0, "restaurants": []}, {"results_found": 1435, "results_start": 0, "results_shown": 0, "restaurants": []}, {"results_found": 2302, "results_start": 0, "results_shown": 0, "restaurants": []}, {"results_found": 2092, "results_start": 0, "results_shown": 0, "restaurants": []}, {"results_found": 1205, "results_start": 0, "results_shown": 0, "restaurants": []}, {"results_found": 598, "results_start": 0, "results_shown": 0, "restaurants": []}]